<?xml version="1.0" encoding="UTF-8"?>
<!DOCTYPE suite SYSTEM "http://testng.org/testng-1.0.dtd">
<suite guice-stage="DEVELOPMENT" name="Failed suite [Suite1]">
  <listeners>
    <listener class-name="com.webtest.testlistener.TestListener"/>
  </listeners>
  <test name="authority(failed)">
    <classes>
      <class name="Pear.authority.AuthorityClick">
        <methods>
          <include name="Login"/>
          <include name="Click"/>
        </methods>
      </class> <!-- Pear.authority.AuthorityClick -->
      <class name="Pear.authority.AddAuthority">
        <methods>
          <include name="doAfterMethod"/>
          <include name="Login"/>
          <include name="add" invocation-numbers="6"/>
          <include name="doBeforeMethod"/>
        </methods>
      </class> <!-- Pear.authority.AddAuthority -->
      <class name="Pear.authority.ViewAuthorityClick">
        <methods>
          <include name="Click"/>
          <include name="Login"/>
        </methods>
      </class> <!-- Pear.authority.ViewAuthorityClick -->
      <class name="Pear.authority.AddAuthorityClick">
        <methods>
          <include name="Login"/>
          <include name="Click"/>
        </methods>
      </class> <!-- Pear.authority.AddAuthorityClick -->
      <class name="Pear.authority.AuthorityListClick">
        <methods>
          <include name="Login"/>
          <include name="Click"/>
        </methods>
      </class> <!-- Pear.authority.AuthorityListClick -->
      <class name="Pear.authority.DetailsClick">
        <methods>
          <include name="Click"/>
          <include name="Login"/>
        </methods>
      </class> <!-- Pear.authority.DetailsClick -->
      <class name="Pear.authority.RemoveMember">
        <methods>
          <include name="Login"/>
          <include name="remove"/>
        </methods>
      </class> <!-- Pear.authority.RemoveMember -->
    </classes>
  </test> <!-- authority(failed) -->
</suite> <!-- Failed suite [Suite1] -->
